filename,width,height,class,xmin,ymin,xmax,ymax
4.png,222,238,nrfp,53.7571231617647,16.864,160.94829963235293,106.352
8.png,373,447,nrfp,52.41320633561644,26.56457142857143,344.68169948630134,198.7234285714286
6.png,412,454,nrfp,91.60059823677582,25.942857142857147,311.091782115869,404.7085714285714
1.png,316,358,nrfp,35.48348445595855,21.27542857142857,263.4783031088083,137.06285714285715
7.png,427,435,nrfp,102.88202124563446,31.32,314.14511786961583,403.18285714285713
5.png,282,268,nrfp,108.65401058631923,30.016,166.5237174267101,209.49942857142855
3.png,289,391,nrfp,66.4990340030912,8.04342857142857,223.72932766615148,387.4251428571429
